rule_id,event_id,dataset,disposition,reason
WIN-001,0f967b3f389fc9e89803,empire_launcher_vbs,TP,"Empire stager: wscript launcher.vbs spawns powershell -noP -sta -w 1 -enc (OTRF SDWIN-190518182022)."
WIN-001,16b62f7dc9e074c31e30,empire_launcher_vbs,TP,"Empire stager: wscript launcher.vbs spawns powershell -noP -sta -w 1 -enc (OTRF SDWIN-190518182022)."
WIN-001,c56f10bb25afa2f79b30,empire_psexec_dcerpc_tcp_svcctl,TP,"Empire stager started by the PsExec-created service through cmd /C start /b powershell -enc."
WIN-001,84baf0804a4e01955dc7,empire_psexec_dcerpc_tcp_svcctl,TP,"Empire stager started by the PsExec-created service through cmd /C start /b powershell -enc."
WIN-002,23ad7c7c2da765f6b0d6,empire_mimikatz_logonpasswords,TP,"Invoke-Mimikatz runs inside powershell.exe and opens lsass.exe with 0x1010 (VM_READ | QUERY_LIMITED_INFORMATION)."
WIN-002,ad4adf744efd8a33037f,psh_lsass_memory_dump_comsvcs,TP,"rundll32 running comsvcs MiniDump opens lsass.exe with a VM_READ mask while writing lsass-comsvcs.dmp."
WIN-002,46bc249b1bebbd7f055f,psh_lsass_memory_dump_comsvcs,TP,"rundll32 running comsvcs MiniDump opens lsass.exe with a VM_READ mask while writing lsass-comsvcs.dmp."
WIN-003,6fcc09798785bf821105,psh_lsass_memory_dump_comsvcs,TP,"rundll32 comsvcs.dll MiniDump 756 writes lsass-comsvcs.dmp; PID 756 is lsass in this capture."
WIN-003,b820e0b8320868323e56,psh_lsass_memory_dump_comsvcs,TP,"rundll32 comsvcs.dll MiniDump 756 writes lsass-comsvcs.dmp; PID 756 is lsass in this capture."
WIN-004,3dacf37a03a6495447df,empire_psexec_dcerpc_tcp_svcctl,TP,"Service "Updater" installed remotely with %COMSPEC% /C start /b powershell -enc (Empire Invoke-PsExec)."
WIN-004,70d869f2700bfc04ded6,empire_psexec_dcerpc_tcp_svcctl,TP,"Service "Updater" installed remotely with %COMSPEC% /C start /b powershell -enc (Empire Invoke-PsExec)."
WIN-005,a1580404a98652783f6f,empire_schtasks_creation_standard_user,TP,"MordorSchtask created by the Empire agent (parent powershell) to run hidden PowerShell daily at 09:00."
WIN-005,f2b615ddab9808fdfd7b,empire_schtasks_creation_standard_user,TP,"MordorSchtask created by the Empire agent (parent powershell) to run hidden PowerShell daily at 09:00."
WIN-005,d43c5d2ad0f870c51872,empire_schtasks_creation_standard_user,TP,"MordorSchtask created by the Empire agent (parent powershell) to run hidden PowerShell daily at 09:00."
WIN-006,0f967b3f389fc9e89803,empire_launcher_vbs,TP,"wscript executing launcher.vbs spawns the encoded PowerShell stager."
WIN-006,16b62f7dc9e074c31e30,empire_launcher_vbs,TP,"wscript executing launcher.vbs spawns the encoded PowerShell stager."
WIN-007,172.16.66.1@2020-07-22T20:25:00.000Z,kerberos_pwd_spray_4771,TP,"Kerberos enumeration and spraying from 172.16.66.1 within 11 ms: 7 unknown principals (4768 0x6) and bad passwords for Administrator and backdoor (4771 0x18). Account normal then received a TGT from the same source (4768 0x0): treat it as compromised (PB-04)."
